id,intent,tone,conf
53326,SocialFragility,Alarmist,0.5292385963510724
53367,SocialFragility,Sensationalist,0.4165588871436364
53328,SocialFragility,Sensationalist,0.3217691976790798
52829,SocialFragility,Sensationalist,0.3950554234780787
52822,SocialFragility,Alarmist,0.44437693826374314
52821,SocialFragility,Sensationalist,0.382962890466673
52820,SocialFragility,Alarmist,0.43406546674016644
52819,SocialFragility,Sensationalist,0.4780416317531034
52818,SocialFragility,Sensationalist,0.382962890466673
52817,SocialFragility,Alarmist,0.5052521728200167
52832,SocialFragility,Alarmist,0.5513154020675703
52833,SocialFragility,Sensationalist,0.382962890466673
53252,SocialFragility,Factual,0.39008622992597053
53253,SocialFragility,Factual,0.4137345028815843
53254,Other,neutral,0.0
52834,SocialFragility,Alarmist,0.5177101285311082
53368,Economic,Sensationalist,0.3729022121215677
53369,Economic,Sensationalist,0.3774341542379306
52835,SocialFragility,Alarmist,0.5100330580884599
52836,SocialFragility,Sensationalist,0.4803945016989155
52830,SocialFragility,Alarmist,0.5052521728200167
52828,SocialFragility,Cynical,0.36419676855808925
53524,SocialFragility,Sensationalist,0.48198017299372103
52827,SocialFragility,Alarmist,0.44437693826374314
52826,SocialFragility,Alarmist,0.43725885561692757
52825,SocialFragility,Sensationalist,0.382962890466673
52824,SocialFragility,Sensationalist,0.4487976216507972
52823,SocialFragility,Alarmist,0.5100330580884599
52837,SocialFragility,Sensationalist,0.4097431067349618
52816,SocialFragility,Sensationalist,0.4853998141699433
53498,SocialFragility,Alarmist,0.4027058184146881
53499,SocialFragility,Alarmist,0.39674797654151917
53500,SocialFragility,Sensationalist,0.5825575490498014
53501,SocialFragility,Sensationalist,0.4102635979652405
53502,SocialFragility,Sensationalist,0.6172182122442907
53205,Economic,Alarmist,0.4518797587411214
53503,SocialFragility,Alarmist,0.4027058184146881
53179,SocialFragility,Alarmist,0.39992625565733436
53504,SocialFragility,Sensationalist,0.5825575490498014
53327,SocialFragility,Cynical,0.37168461560384314
52850,Economic,Alarmist,0.3207643900451801
52852,SocialFragility,Sensationalist,0.3716341708633602
52853,SocialFragility,Sensationalist,0.35209940518786886
52854,SocialFragility,Sensationalist,0.4097431067349618
52855,SocialFragility,Sensationalist,0.35209940518786886
52856,SocialFragility,Sensationalist,0.35209940518786886
53212,Economic,Cynical,0.35490757512514876
53211,Economic,Sensationalist,0.31223906379984845
53210,SocialFragility,Cynical,0.32554634475576694
53209,Economic,Cynical,0.37610104411466855
52857,SocialFragility,Sensationalist,0.35209940518786886
53207,Economic,Cynical,0.5774766833008286
53206,Economic,Cynical,0.43486422906163374
53215,Economic,Cynical,0.31647233600216773
53204,Economic,Cynical,0.3262091279029846
53213,Economic,Alarmist,0.4070836531360254
52831,SocialFragility,Alarmist,0.3036767859168712
52858,SocialFragility,Sensationalist,0.35209940518786886
53216,SocialFragility,Alarmist,0.6475236064456241
52859,SocialFragility,Sensationalist,0.35209940518786886
52860,SocialFragility,Sensationalist,0.35989057541717445
53255,Economic,Cynical,0.3309373208875018
53256,SocialFragility,Cynical,0.332631478358562
52861,SocialFragility,Sensationalist,0.35209940518786886
52862,SocialFragility,Sensationalist,0.4063137576420064
52863,SocialFragility,Sensationalist,0.3614251066849239
52864,SocialFragility,Alarmist,0.38532723969417243
53329,SocialFragility,Sensationalist,0.3452149873982597
53330,Economic,Alarmist,0.3417804574548143
53331,SocialFragility,Alarmist,0.36758531106422004
52865,SocialFragility,Alarmist,0.39408821256868193
53525,SocialFragility,Cynical,0.3739975392818451
52867,SocialFragility,Sensationalist,0.4097431067349618
52868,SocialFragility,Sensationalist,0.3716341708633602
53370,SocialFragility,Factual,0.4305233702248082
53371,Economic,Sensationalist,0.4961390556934277
53528,SocialFragility,Cynical,0.3925721049308777
53214,SocialFragility,Alarmist,0.4513442185637128
53505,SocialFragility,Alarmist,0.38457614183425903
53506,SocialFragility,Sensationalist,0.36371618190121546
53507,SocialFragility,Cynical,0.33471038785770546
53508,SocialFragility,Cynical,0.2992176436930654
53509,SocialFragility,Cynical,0.34449659991609494
52838,Economic,Sensationalist,0.3804231634607849
52839,Economic,Sensationalist,0.34073727968170714
52840,Economic,Sensationalist,0.37913898521865486
52841,SocialFragility,Sensationalist,0.5755070737396238
52842,Economic,Alarmist,0.36029003374319335
52843,SocialFragility,Sensationalist,0.381569035353015
52844,Economic,Sensationalist,0.34055842629361427
52845,SocialFragility,Alarmist,0.4343052048295789
52846,Economic,Sensationalist,0.31512638288856504
52847,SocialFragility,Cynical,0.3033219335610085
52848,Economic,Sensationalist,0.3804231634607849
52849,SocialFragility,Sensationalist,0.35209940518786886
53511,SocialFragility,Sensationalist,0.4442458152770996
53513,SocialFragility,Cynical,0.34344882469160226
53514,SocialFragility,Sensationalist,0.4571216667729214
53515,SocialFragility,Sensationalist,0.4635121822357178
53516,SocialFragility,Sensationalist,0.4571216667729214
53526,SocialFragility,Alarmist,0.35947889615103074
53527,SocialFragility,Alarmist,0.37210160701718187
52851,SocialFragility,Sensationalist,0.4370787701789491
52866,SocialFragility,Sensationalist,0.4586193561553955
52869,SocialFragility,Cynical,0.30918175090456673
52870,SocialFragility,Sensationalist,0.3887833107519419
52871,SocialFragility,Cynical,0.34907112998186585
52872,SocialFragility,Sensationalist,0.3887833107519419
52873,SocialFragility,Sensationalist,0.43365438404698403
52874,SocialFragility,Sensationalist,0.43742754335149897
52875,Economic,Alarmist,0.43890394093855517
52876,SocialFragility,Alarmist,0.3058333384863015
52877,SocialFragility,Alarmist,0.3490836960863009
52878,SocialFragility,Alarmist,0.39959761908281477
52879,Economic,Alarmist,0.36135397980780826
52880,SocialFragility,Sensationalist,0.43365438404698403
52881,SocialFragility,Sensationalist,0.43365438404698403
52882,SocialFragility,Sensationalist,0.43365438404698403
52883,SocialFragility,Sensationalist,0.43365438404698403
52884,SocialFragility,Sensationalist,0.43365438404698403
52885,SocialFragility,Sensationalist,0.43365438404698403
52886,SocialFragility,Sensationalist,0.43365438404698403
52887,SocialFragility,Sensationalist,0.3887833107519419
52888,SocialFragility,Alarmist,0.34502973494791644
52889,SocialFragility,Alarmist,0.36748836247843353
52890,SocialFragility,Alarmist,0.34502973494791644
52891,SocialFragility,Alarmist,0.3158262800766613
52892,SocialFragility,Alarmist,0.34502973494791644
52893,SocialFragility,Alarmist,0.34502973494791644
52894,SocialFragility,Alarmist,0.34502973494791644
52895,SocialFragility,Sensationalist,0.3418834129880377
52896,SocialFragility,Alarmist,0.3382481562186881
52897,SocialFragility,Alarmist,0.3611540838736328
52898,SocialFragility,Alarmist,0.38726202881333555
52899,SocialFragility,Alarmist,0.3490836960863009
52900,SocialFragility,Sensationalist,0.3887833107519419
53208,SocialFragility,Cynical,0.44321697855283176
53180,SocialFragility,Cynical,0.46230908189284703
53217,SocialFragility,Alarmist,0.4175370168721667
53218,SocialFragility,Sensationalist,0.44503865513838897
53257,SocialFragility,Sensationalist,0.3436202894004605
53258,SocialFragility,Alarmist,0.3567109624618537
53259,SocialFragility,Sensationalist,0.44874360925225476
53260,SocialFragility,Factual,0.7005447566850458
53332,SocialFragility,Alarmist,0.3201054094221176
53333,Economic,Cynical,0.4249063702924806
53334,SocialFragility,Cynical,0.3652007414751769
53335,Economic,Alarmist,0.37187809971306807
53372,Other,neutral,0.0
53373,Economic,Factual,0.42530993543649553
53374,Economic,Sensationalist,0.43469009873938264
53375,SocialFragility,Sensationalist,0.44481218437674075
53376,Economic,Sensationalist,0.435681015253067
53377,Economic,Alarmist,0.7383820365817538
53378,Economic,Cynical,0.41702985763549805
53510,SocialFragility,Sensationalist,0.4467433488564174
53512,SocialFragility,Sensationalist,0.4527396559715271
53385,Economic,Factual,0.39956108093432235
53201,SocialFragility,Factual,0.4560500649322746
52901,Economic,Alarmist,0.30850369315627624
52902,SocialFragility,Sensationalist,0.3655585740683388
52903,Economic,Alarmist,0.39048205009630393
52904,Economic,Alarmist,0.31996764409477796
52905,SocialFragility,Alarmist,0.3273958771480565
52906,SocialFragility,Alarmist,0.6316092399335336
52907,SocialFragility,Sensationalist,0.39207601185111207
52908,Economic,Cynical,0.32124452162633055
52909,Economic,Alarmist,0.2996500526420924
52910,Economic,Alarmist,0.39048205009630393
52911,SocialFragility,Factual,0.46813358981268016
52912,Economic,Alarmist,0.44936711536767043
52913,Economic,Cynical,0.32124452162633055
52914,Economic,Cynical,0.32124452162633055
52915,Economic,Cynical,0.32124452162633055
52916,Economic,Cynical,0.32124452162633055
52917,Economic,Cynical,0.3094519688174572
52918,Economic,Cynical,0.32124452162633055
52919,Economic,Alarmist,0.32074607826875406
52921,SocialFragility,Alarmist,0.38634524169066176
53531,Sovereignty,Factual,1.0
53518,SocialFragility,Sensationalist,0.38308630544220745
53517,SocialFragility,Cynical,0.41100215911865234
53389,Economic,Sensationalist,0.4307433068752289
53388,Economic,Sensationalist,0.3891562819480896
53387,SocialFragility,Alarmist,0.31536985120806177
53386,SocialFragility,Cynical,0.3741382768571944
53384,SocialFragility,Alarmist,0.5358740202157337
53383,SocialFragility,Sensationalist,0.4633142363701128
53382,Economic,Factual,0.3374487807470627
53381,SocialFragility,Factual,0.37832066069497633
53380,Economic,Sensationalist,0.3962174952030182
53379,SocialFragility,Alarmist,0.337641447483213
53338,SocialFragility,Alarmist,0.4051315790209087
53337,SocialFragility,Cynical,0.35319652135944213
53336,Economic,Alarmist,0.4997718746824659
53261,SocialFragility,Alarmist,0.4570618205597202
53222,Economic,Cynical,0.6061565537247333
53221,SocialFragility,Alarmist,0.36244753829246507
53220,SocialFragility,Alarmist,0.3746810257434845
53219,Economic,Cynical,0.3100536229348021
53181,Sovereignty,Alarmist,0.6643743666023321
52941,SocialFragility,Sensationalist,0.3323891153882221
52940,Economic,Alarmist,0.380153307798006
52939,Economic,Alarmist,0.380153307798006
52938,Economic,Alarmist,0.380153307798006
52937,Economic,Alarmist,0.380153307798006
52936,Economic,Alarmist,0.380153307798006
52935,Economic,Alarmist,0.380153307798006
52926,SocialFragility,Alarmist,0.5430642533286613
52927,Economic,Alarmist,0.3324607232551437
52928,Other,neutral,0.0
52929,SocialFragility,Sensationalist,0.6760359159623917
52930,SocialFragility,Alarmist,0.4740032430151029
52931,SocialFragility,Factual,0.28317792626457633
52932,SocialFragility,Sensationalist,0.42688215773898797
52933,Economic,Alarmist,0.380153307798006
52934,Economic,Alarmist,0.380153307798006
53262,SocialFragility,Factual,0.39008622992597053
53263,Economic,Cynical,0.3660479564606337
53264,SocialFragility,Factual,0.7025548507711946
53265,SocialFragility,Factual,0.6659028624468256
53266,Economic,Factual,0.5013718412084089
53224,Economic,Factual,0.35152450088472387
53399,SocialFragility,Sensationalist,0.6681935615242156
53398,SocialFragility,Sensationalist,0.7199895670311023
53397,SocialFragility,Factual,0.4260144698825406
53396,Economic,Sensationalist,0.41583260893821716
53395,Economic,Sensationalist,0.439530092831639
53394,Economic,Sensationalist,0.5023955751732473
53393,Economic,Sensationalist,0.4023050367832184
53392,Economic,Cynical,0.38753144182992494
53391,Economic,Sensationalist,0.4165342450141907
53390,Economic,Factual,0.4065560479709395
53223,SocialFragility,Cynical,0.47626029253139945
52925,Economic,Alarmist,0.353909296854832
52924,Economic,Cynical,0.3725489798359289
52923,SocialFragility,Alarmist,0.4136641982669281
52922,SocialFragility,Sensationalist,0.5033400332509984
52920,SocialFragility,Alarmist,0.39720123869955015
52945,SocialFragility,Sensationalist,0.3323891153882221
53340,Economic,Alarmist,0.41537371197113715
53339,Economic,Cynical,0.3503413122657038
53200,Economic,Factual,0.4638949145975375
53182,Sovereignty,Alarmist,0.6643743666023321
53183,Sovereignty,Alarmist,0.6643743666023321
52944,SocialFragility,Alarmist,0.35791405990289893
52943,Economic,Alarmist,0.380153307798006
52942,Economic,Alarmist,0.380153307798006
53409,Economic,Factual,0.574275685769449
53408,Economic,Factual,0.3665241335796219
53267,SocialFragility,Sensationalist,0.3972495198249817
53406,Economic,Factual,0.43732706943080774
52949,SocialFragility,Alarmist,0.36236403210467777
53271,SocialFragility,Alarmist,0.6451403683196049
53405,SocialFragility,Factual,0.471586009164093
53184,SocialFragility,Sensationalist,0.4312129694657066
53270,SocialFragility,Factual,0.678098683468456
53269,Economic,Factual,0.7041418014820152
53341,Economic,Alarmist,0.4363268702606294
53404,Economic,Sensationalist,0.4065478444099426
52946,SocialFragility,Factual,0.48652011531398126
52947,Economic,Alarmist,0.4181327227495516
52948,SocialFragility,Alarmist,0.3113322032285816
53403,Economic,Factual,0.4140867471794037
53402,Economic,Factual,0.3047419497059422
53401,SocialFragility,Sensationalist,0.39518561455788176
53400,Economic,Factual,0.3643602586989886
53225,SocialFragility,Alarmist,0.36592192030256304
53268,Economic,Cynical,0.2922867736409489
53410,Economic,Cynical,0.354908205943953
53416,SocialFragility,Alarmist,0.4329567342693564
53415,SocialFragility,Sensationalist,0.5029662100382436
53414,SocialFragility,Alarmist,0.5171833545355724
53413,SocialFragility,Factual,0.34702611133827466
53412,SocialFragility,Alarmist,0.41798562351707397
53411,Economic,Factual,0.5108965023731864
52955,SocialFragility,Sensationalist,0.40207361342412673
52954,SocialFragility,Sensationalist,0.4822549151692738
52953,SocialFragility,Sensationalist,0.7193194136865603
52952,Other,neutral,0.0
52951,SocialFragility,Alarmist,0.525395665731712
52950,SocialFragility,Sensationalist,0.353257954120636
53272,SocialFragility,Sensationalist,0.3938103809266586
53273,Other,neutral,0.0
52963,Economic,Cynical,0.3241278679881524
52962,SocialFragility,Alarmist,0.46896490321796136
52961,SocialFragility,Alarmist,0.3557729195537689
52960,SocialFragility,Sensationalist,0.5028409383745689
52959,Economic,Alarmist,0.40246334085576785
52958,SocialFragility,Alarmist,0.46896490321796136
53345,SocialFragility,Sensationalist,0.40639166609450433
53344,SocialFragility,Alarmist,0.398161703807531
53343,SocialFragility,Alarmist,0.39786198484792407
53342,SocialFragility,Alarmist,0.38423998000173937
52956,SocialFragility,Alarmist,0.525395665731712
52970,SocialFragility,Sensationalist,0.5539378555507841
52967,SocialFragility,Alarmist,0.3511745513109657
52957,SocialFragility,Alarmist,0.3511745513109657
52968,SocialFragility,Cynical,0.2956761233423123
52969,Economic,Cynical,0.3241278679881524
53346,SocialFragility,Alarmist,0.48877439397536704
52972,SocialFragility,Alarmist,0.4822019378459093
53422,Economic,Cynical,0.29165016954097234
52971,SocialFragility,Sensationalist,0.35257675991388
53420,Economic,Factual,0.32464285951598787
53407,Economic,Cynical,0.29165016954097234
53418,Economic,Factual,0.27943094175536315
53419,Economic,Sensationalist,0.4104865680170971
52964,SocialFragility,Alarmist,0.3511745513109657
53417,SocialFragility,Alarmist,0.5289560322708986
52965,Economic,Sensationalist,0.3650879964423228
52966,SocialFragility,Alarmist,0.3511745513109657
53274,Economic,Factual,0.6861187545597179
53185,SocialFragility,Cynical,0.33851842561543455
52979,SocialFragility,Alarmist,0.3725129961967468
52977,SocialFragility,Sensationalist,0.5039399106004548
52976,SocialFragility,Sensationalist,0.3761680371686783
52975,SocialFragility,Sensationalist,0.3700833781216339
52974,SocialFragility,Sensationalist,0.4231480118694073
52973,SocialFragility,Sensationalist,0.5017493963002143
53425,SocialFragility,Factual,0.3216564903268912
53424,SocialFragility,Factual,0.36296649453825935
53423,SocialFragility,Sensationalist,0.42318015184276275
53421,SocialFragility,Cynical,0.3040574281560761
53186,SocialFragility,Alarmist,0.5427248805733449
53277,Economic,Alarmist,0.5027849689353147
53276,SocialFragility,Sensationalist,0.3972495198249817
53275,MilitaryPresence,Cynical,0.30763545184388025
53228,SocialFragility,Alarmist,0.4333404650549131
53227,SocialFragility,Cynical,0.2775789954545772
53226,Economic,Alarmist,0.3597718578176863
52982,Economic,Alarmist,0.3450525632364239
52981,Economic,Alarmist,0.3364112402191852
52980,SocialFragility,Alarmist,0.3089440974938429
52978,Economic,Cynical,0.29866594459492524
53429,Economic,Alarmist,0.4497282612850046
53430,SocialFragility,Alarmist,0.5906366990971942
53431,Economic,Alarmist,0.49062055988840697
53432,SocialFragility,Alarmist,0.47019768717424865
53433,Economic,Factual,0.3798673748970032
53434,SocialFragility,Sensationalist,0.5211480732592606
53435,Economic,Factual,0.4300685851741786
53436,SocialFragility,Factual,0.32960717948731777
53437,SocialFragility,Sensationalist,0.39779516360072376
53438,Economic,Alarmist,0.3822507766255397
53439,SocialFragility,Factual,0.3599977102265806
53440,Economic,Alarmist,0.3822507766255397
53441,SocialFragility,Sensationalist,0.4206200549349328
53494,ResourceDependency,Factual,0.48422372354930393
53229,SocialFragility,Alarmist,0.32532843947410583
52983,Economic,Sensationalist,0.3717614515737484
53529,Economic,Cynical,0.3792620301246643
52995,SocialFragility,Sensationalist,0.3369453297327288
52996,SocialFragility,Cynical,0.5928066731156669
52997,SocialFragility,Sensationalist,0.47564423425551294
52998,SocialFragility,Sensationalist,0.38607341144323937
52994,SocialFragility,Sensationalist,0.5382120133748535
52993,SocialFragility,Sensationalist,0.3671229264101426
52992,SocialFragility,Sensationalist,0.3220780211007375
52991,SocialFragility,Cynical,0.3421001732624898
52990,SocialFragility,Alarmist,0.38261681823161964
52989,Economic,Sensationalist,0.37521605174521566
52988,Economic,Sensationalist,0.3128928351261147
52987,Economic,Alarmist,0.3673605885065886
52986,Economic,Alarmist,0.4163136479665285
52985,SocialFragility,Sensationalist,0.5323359549730509
52984,SocialFragility,Sensationalist,0.5638615840927205
53278,SocialFragility,Sensationalist,0.44405058829295624
53280,SocialFragility,Alarmist,0.3894447132987924
53188,Sovereignty,Alarmist,0.4497188364713598
53187,Other,neutral,0.0
53426,Economic,Alarmist,0.3558008670806885
53427,SocialFragility,Alarmist,0.8455235374849033
53428,SocialFragility,Sensationalist,0.4570741653442383
53442,SocialFragility,Sensationalist,0.39396351716740435
52999,Economic,Alarmist,0.3673605885065886
53000,SocialFragility,Sensationalist,0.4560401527926321
53001,SocialFragility,Alarmist,0.3923155592181719
53002,SocialFragility,Alarmist,0.4690000829616927
53003,SocialFragility,Sensationalist,0.33598894401210044
53004,SocialFragility,Alarmist,0.48300130626415094
53005,SocialFragility,Sensationalist,0.4392438828594338
53006,SocialFragility,Alarmist,0.3948124488825999
53007,SocialFragility,Factual,0.37234052965265085
53008,SocialFragility,Alarmist,0.4819530791297473
53009,SocialFragility,Alarmist,0.36815200320167796
53010,Economic,Cynical,0.34659995412058003
53230,SocialFragility,Alarmist,0.43563385750502787
53279,Economic,Sensationalist,0.3700780846684556
53281,Other,neutral,0.0
53282,Other,neutral,0.0
53283,SocialFragility,Factual,0.7386580355799043
53443,Economic,Alarmist,0.43157715442256245
53444,SocialFragility,Sensationalist,0.36614731422438807
53445,SocialFragility,Alarmist,0.6928732546440562
53446,SocialFragility,Cynical,0.33316691761528433
53447,Economic,Alarmist,0.4264554962053454
53495,Other,neutral,0.0
53496,Sovereignty,Factual,0.663236767522467
53530,ElectionInfluence,Factual,1.0
53025,Other,Sensationalist,0.6293211755506101
53026,SocialFragility,Sensationalist,0.4833787004486556
53027,SocialFragility,Sensationalist,0.5754073555803347
53019,SocialFragility,Sensationalist,0.29563698912179404
53018,Economic,Cynical,0.30838226548440234
53450,Economic,Sensationalist,0.37904456129417574
53449,SocialFragility,Sensationalist,0.4975716529341392
53448,SocialFragility,Sensationalist,0.45749901017741024
53013,Economic,Alarmist,0.2992426703462894
53014,SocialFragility,Cynical,0.35904662042346575
53015,Economic,Alarmist,0.3205472356970364
53231,SocialFragility,Alarmist,0.45745153000446576
53021,Economic,Cynical,0.30838226548440234
53020,Economic,Cynical,0.30838226548440234
53016,Economic,Cynical,0.30838226548440234
53017,Economic,Cynical,0.29493915751591365
53451,SocialFragility,Alarmist,0.35953748460312157
53452,Economic,Sensationalist,0.3368840557781018
53284,Other,neutral,0.0
53285,SocialFragility,Alarmist,0.40123954138574286
53286,Economic,Alarmist,0.4030239027965766
53287,SocialFragility,Factual,0.6989557206917902
53288,SocialFragility,Cynical,0.33937111241862294
53289,SocialFragility,Sensationalist,0.3338876985989505
53290,SocialFragility,Sensationalist,0.5956177697324736
53011,SocialFragility,Alarmist,0.3464091329705558
53012,Economic,Cynical,0.30838226548440234
53022,Economic,Cynical,0.30838226548440234
53348,SocialFragility,Alarmist,0.38696489268424933
53023,Economic,Cynical,0.30838226548440234
53347,SocialFragility,Alarmist,0.37201932849474667
53024,Economic,Cynical,0.30838226548440234
53045,SocialFragility,Sensationalist,0.5754073555803347
53350,Economic,Sensationalist,0.3049412943208064
53462,Economic,Factual,0.4026716351509094
53461,SocialFragility,Sensationalist,0.3249565718725061
53460,Economic,Sensationalist,0.3491230607032776
53459,SocialFragility,Sensationalist,0.48639150189540403
53458,Economic,Cynical,0.3327322295948506
53457,Economic,Sensationalist,0.3511027606844374
53456,SocialFragility,Sensationalist,0.7754095630910767
53455,SocialFragility,Sensationalist,0.727893933177202
53454,Economic,Sensationalist,0.37872153520584106
53191,Economic,Factual,0.8853274199162743
53453,Economic,Cynical,0.34736084938049316
53291,SocialFragility,Sensationalist,0.3972495198249817
53292,SocialFragility,Factual,0.5376231747924236
53349,Economic,Cynical,0.3318585547897415
53236,Economic,Cynical,0.3494042765017308
53235,Economic,Cynical,0.37344804406166077
53297,SocialFragility,Factual,0.4571370107699703
53044,SocialFragility,Cynical,0.3344483638531749
53043,Other,neutral,0.0
53192,MilitaryPresence,Factual,0.9482911852734469
53193,MilitaryPresence,Factual,0.9482911852734469
53040,SocialFragility,Sensationalist,0.496018648147583
53041,Other,Sensationalist,0.459860887746679
53042,Other,Sensationalist,0.5105749338441485
53234,SocialFragility,Alarmist,0.4646182487988414
53194,MilitaryPresence,Factual,0.9482911852734469
53233,SocialFragility,Alarmist,0.32805262491996906
53232,SocialFragility,Alarmist,0.38970273407550704
53051,SocialFragility,Sensationalist,0.6989283334280058
53189,Sovereignty,Factual,0.559455281751269
53190,MilitaryPresence,Alarmist,0.4044995330231061
53028,SocialFragility,Sensationalist,0.58380311325385
53029,SocialFragility,Sensationalist,0.6548664404558511
53030,SocialFragility,Sensationalist,0.34460944029718443
53031,SocialFragility,Alarmist,0.40046082916609954
53032,SocialFragility,Alarmist,0.46452872674487894
53033,SocialFragility,Alarmist,0.5046651379920889
53034,SocialFragility,Alarmist,0.4395441103531762
53035,SocialFragility,Sensationalist,0.5754073555803347
53036,SocialFragility,Sensationalist,0.4768776518093073
53037,SocialFragility,Sensationalist,0.48711151411698195
53038,Other,Sensationalist,0.5084630265428826
53050,SocialFragility,Sensationalist,0.4768776518093073
53039,SocialFragility,Sensationalist,0.4759971324340097
53049,SocialFragility,Sensationalist,0.4768776518093073
53048,SocialFragility,Sensationalist,0.4768776518093073
53047,SocialFragility,Sensationalist,0.4768776518093073
53046,SocialFragility,Factual,0.6167688618452107
53195,MilitaryPresence,Factual,0.9988489493854896
53082,SocialFragility,Sensationalist,0.484494241959038
53080,SocialFragility,Sensationalist,0.6989283334280058
53079,SocialFragility,Sensationalist,0.5431926095921213
53077,SocialFragility,Sensationalist,0.335307229878418
53076,SocialFragility,Sensationalist,0.6989283334280058
53237,Economic,Cynical,0.3425931938121357
53238,Economic,Cynical,0.4021870982594772
53239,MilitaryPresence,Cynical,0.4747305661766591
53465,SocialFragility,Factual,0.3453884720802307
53464,Economic,Factual,0.4647795259952545
53463,Economic,Alarmist,0.3579657971858978
53293,Economic,Alarmist,0.5027849689353147
53294,Economic,Alarmist,0.5027849689353147
53295,Economic,Alarmist,0.5027849689353147
53296,Economic,Alarmist,0.5027849689353147
53298,Other,neutral,0.0
53052,SocialFragility,Cynical,0.6097974613522602
53054,SocialFragility,Sensationalist,0.36173803303923513
53055,SocialFragility,Alarmist,0.4722473790154893
53056,SocialFragility,Sensationalist,0.4759291270531002
53057,SocialFragility,Sensationalist,0.375163014452194
53058,SocialFragility,Sensationalist,0.6783276894087668
53060,SocialFragility,Sensationalist,0.36173803303923513
53063,SocialFragility,Alarmist,0.4781504105877389
53064,SocialFragility,Sensationalist,0.6989283334280058
53065,SocialFragility,Sensationalist,0.49008365364839285
53067,SocialFragility,Sensationalist,0.4991235099136586
53068,SocialFragility,Sensationalist,0.6989283334280058
53069,SocialFragility,Cynical,0.3147540370844638
53196,MilitaryPresence,Factual,0.5989211207480221
53197,MilitaryPresence,Factual,0.9482911852734469
53198,MilitaryPresence,Factual,0.9482911852734469
53351,Economic,Cynical,0.5499123241539848
53352,MilitaryPresence,Cynical,0.38574378134125675
53353,SocialFragility,Cynical,0.3314033717384218
53354,SocialFragility,Alarmist,0.46426248762898537
53355,SocialFragility,Alarmist,0.355694703922621
53070,SocialFragility,Sensationalist,0.5502530459814371
53071,SocialFragility,Sensationalist,0.484494241959038
53072,SocialFragility,Sensationalist,0.335307229878418
53073,SocialFragility,Sensationalist,0.4748440362687495
53090,SocialFragility,Alarmist,0.4880064605938598
53092,SocialFragility,Alarmist,0.3701453924935775
53078,SocialFragility,Sensationalist,0.4235252929478714
53096,SocialFragility,Alarmist,0.5597388917901829
53075,SocialFragility,Sensationalist,0.3727727000384362
53093,SocialFragility,Sensationalist,0.5562137300189012
53094,SocialFragility,Alarmist,0.3882521732337274
53081,SocialFragility,Sensationalist,0.4235252929478714
53083,SocialFragility,Alarmist,0.4023440687114039
53084,SocialFragility,Alarmist,0.40942279181589186
53085,SocialFragility,Sensationalist,0.5259300913803447
53095,SocialFragility,Sensationalist,0.39726654158001745
53358,SocialFragility,Alarmist,0.3168041940026824
53359,SocialFragility,Sensationalist,0.4025667915156862
53300,SocialFragility,Factual,0.7076329807474688
53299,SocialFragility,Sensationalist,0.4192345283462602
53497,Sovereignty,Factual,0.8487739958912128
53053,SocialFragility,Sensationalist,0.3727727000384362
53074,SocialFragility,Sensationalist,0.3727727000384362
53059,SocialFragility,Sensationalist,0.3727727000384362
53086,SocialFragility,Alarmist,0.384595393058116
53061,SocialFragility,Alarmist,0.3731166594887953
53062,SocialFragility,Sensationalist,0.40538862109378593
53087,SocialFragility,Alarmist,0.40792927164734566
53088,SocialFragility,Sensationalist,0.5562137300189012
53089,SocialFragility,Sensationalist,0.6581023753928603
53066,SocialFragility,Sensationalist,0.4235252929478714
53091,SocialFragility,Alarmist,0.3731166594887953
53356,SocialFragility,Sensationalist,0.46312778124576914
53357,SocialFragility,Alarmist,0.5121130648532769
53104,SocialFragility,Sensationalist,0.3756749542073885
53103,SocialFragility,Sensationalist,0.4297977240056743
53102,SocialFragility,Alarmist,0.36204282255123693
53101,SocialFragility,Alarmist,0.36467928507220315
53098,SocialFragility,Sensationalist,0.4706472914651051
53240,Economic,Cynical,0.36372356992272814
53361,SocialFragility,Sensationalist,0.42718226779606794
53097,Economic,Sensationalist,0.4812804276297807
53360,SocialFragility,Alarmist,0.4574794717369655
53100,SocialFragility,Sensationalist,0.43917935543447756
53099,SocialFragility,Factual,0.5843730340627363
53466,SocialFragility,Sensationalist,0.6768430482042457
53467,SocialFragility,Sensationalist,0.40513556269644885
53468,SocialFragility,Sensationalist,0.5856332279525563
53469,Economic,Alarmist,0.6010812895953932
53470,Economic,Cynical,0.3796047270298004
53108,SocialFragility,Sensationalist,0.5292319599469448
53241,SocialFragility,Sensationalist,0.3031783100979033
53242,Economic,Alarmist,0.43896519070333184
53521,SocialFragility,Alarmist,0.40584547337223653
53301,SocialFragility,Alarmist,0.3915062678234402
53302,Economic,Alarmist,0.3968221524235321
53120,Economic,Alarmist,0.611172087185846
53119,Economic,Alarmist,0.44695942731481686
53118,SocialFragility,Sensationalist,0.32506036960261603
53117,SocialFragility,Sensationalist,0.32615444339068206
53116,Economic,Alarmist,0.6299619259805193
53115,Economic,Alarmist,0.6349661483577435
53114,Economic,Alarmist,0.611172087185846
53113,Economic,Alarmist,0.5554651299246184
53112,Economic,Alarmist,0.5554651299246184
53111,Economic,Alarmist,0.5554651299246184
53110,Economic,Alarmist,0.5554651299246184
53109,Economic,Alarmist,0.4195141268021716
53107,Economic,Alarmist,0.5554651299246184
53106,SocialFragility,Sensationalist,0.3915023466086762
53105,Economic,Alarmist,0.5554651299246184
53471,SocialFragility,Factual,0.5850347563037175
53472,Economic,Sensationalist,0.386289523070947
53473,Economic,Sensationalist,0.42925657420309343
53474,SocialFragility,Sensationalist,0.4363807025838458
53475,SocialFragility,Sensationalist,0.34983928166813966
53202,SocialFragility,Sensationalist,0.3163907556067609
53522,Economic,Alarmist,0.305202101554482
53124,Economic,Alarmist,0.3207343390678535
53520,Economic,Factual,0.6538725146037204
53125,Economic,Alarmist,0.3207343390678535
53126,Economic,Alarmist,0.3207343390678535
53127,Economic,Alarmist,0.3207343390678535
53128,Economic,Alarmist,0.3207343390678535
53129,Economic,Alarmist,0.3207343390678535
53130,Economic,Alarmist,0.3207343390678535
53131,SocialFragility,Sensationalist,0.6145240121657909
53477,Economic,Alarmist,0.4297894297551953
53478,Economic,Alarmist,0.31670720744053693
53479,SocialFragility,Sensationalist,0.2937027120578626
53362,SocialFragility,Sensationalist,0.33546284304272916
53363,Economic,Alarmist,0.37734758760280507
53480,Economic,Sensationalist,0.29478625424983523
53122,Economic,Alarmist,0.3207343390678535
53123,SocialFragility,Cynical,0.39112117886543274
53303,Economic,Cynical,0.3392093672818329
53476,Economic,Alarmist,0.31670720744053693
53121,SocialFragility,Cynical,0.4065423607826233
53132,SocialFragility,Sensationalist,0.4811093193460663
53137,SocialFragility,Sensationalist,0.44566241222026304
53138,Economic,Cynical,0.4483809789213722
53139,SocialFragility,Cynical,0.34613310603554354
53140,Economic,Sensationalist,0.332203209400177
53141,SocialFragility,Sensationalist,0.39687692961354165
53142,SocialFragility,Alarmist,0.38962218165397644
53143,SocialFragility,Alarmist,0.38962218165397644
53144,SocialFragility,Alarmist,0.38962218165397644
53145,SocialFragility,Alarmist,0.38962218165397644
53146,SocialFragility,Alarmist,0.38962218165397644
53147,SocialFragility,Alarmist,0.38962218165397644
53148,SocialFragility,Alarmist,0.38962218165397644
53149,SocialFragility,Alarmist,0.38962218165397644
53150,SocialFragility,Cynical,0.3941969871520996
53151,Other,neutral,0.0
53152,Economic,Cynical,0.3243818888991716
53203,SocialFragility,Sensationalist,0.443638748336162
53243,Economic,Alarmist,0.35545112641326987
53244,SocialFragility,Alarmist,0.35052756697035425
53493,SocialFragility,Alarmist,0.5007221420334904
53481,SocialFragility,Sensationalist,0.38640944928466886
53482,Economic,Sensationalist,0.37325508167032817
53483,Economic,Sensationalist,0.314119160216606
53484,Economic,Sensationalist,0.41048407212282956
53485,Economic,Factual,0.43700890594861663
53133,SocialFragility,Sensationalist,0.4950105353352115
53134,SocialFragility,Sensationalist,0.3935229182243347
53135,SocialFragility,Sensationalist,0.39579862356185913
53136,SocialFragility,Alarmist,0.4959494574424681
53364,SocialFragility,Sensationalist,0.3796133154314152
53199,Sovereignty,Alarmist,0.7948843356542317
53311,SocialFragility,Alarmist,0.4377881296814187
53310,Economic,Factual,0.625068186921093
53309,SocialFragility,Sensationalist,0.549485467360793
53308,SocialFragility,Cynical,0.3433342854785875
53307,SocialFragility,Sensationalist,0.549485467360793
53306,SocialFragility,Alarmist,0.31903806126542006
53305,SocialFragility,Sensationalist,0.549485467360793
53304,SocialFragility,Sensationalist,0.44751834869384766
53162,SocialFragility,Sensationalist,0.4162353430638231
53322,SocialFragility,Factual,0.32916550249300663
53321,SocialFragility,Factual,0.7207196609838528
53319,SocialFragility,Sensationalist,0.39100561972352765
53318,Economic,Sensationalist,0.2828458249568939
53317,SocialFragility,Sensationalist,0.3972495198249817
53316,SocialFragility,Alarmist,0.5191119246420234
53315,SocialFragility,Factual,0.39008622992597053
53314,SocialFragility,Factual,0.39008622992597053
53313,SocialFragility,Alarmist,0.5737954526612349
53312,SocialFragility,Factual,0.39008622992597053
53523,Economic,Alarmist,0.502720337622653
53487,Economic,Sensationalist,0.38128766417503357
53488,Economic,Sensationalist,0.43041276931762695
53489,Economic,Alarmist,0.3513845689188902
53490,Economic,Sensationalist,0.4461841583251953
53153,SocialFragility,Sensationalist,0.5018984452332604
53155,SocialFragility,Cynical,0.36820203270835206
53156,SocialFragility,Alarmist,0.40282102006214165
53157,SocialFragility,Sensationalist,0.3609791486575836
53158,SocialFragility,Sensationalist,0.5396335612407241
53159,SocialFragility,Alarmist,0.3655107528440844
53160,SocialFragility,Alarmist,0.3655107528440844
53161,SocialFragility,Alarmist,0.3655107528440844
53163,SocialFragility,Alarmist,0.3607573252912607
53164,SocialFragility,Sensationalist,0.5396335612407241
53249,Economic,Cynical,0.3632040023803711
53248,Economic,Alarmist,0.4583235319781414
53247,Economic,Factual,0.3315232439410189
53246,Economic,Cynical,0.35747886407037865
53245,SocialFragility,Cynical,0.34245999077478584
53165,SocialFragility,Sensationalist,0.4045205500149722
53365,SocialFragility,Alarmist,0.37391108070341794
53250,SocialFragility,Alarmist,0.4700835018732613
53171,SocialFragility,Alarmist,0.3264998086229092
53169,SocialFragility,Alarmist,0.34546850890468245
53170,SocialFragility,Alarmist,0.3568418749690133
53251,SocialFragility,Alarmist,0.5217114337108162
53366,SocialFragility,Sensationalist,0.41482681318646164
53486,Economic,Cynical,0.3509302134340821
53325,SocialFragility,Sensationalist,0.37940834761947423
53323,SocialFragility,Sensationalist,0.6332075912739644
53174,SocialFragility,Sensationalist,0.5522862914935435
53491,Economic,Sensationalist,0.3924546241760254
53492,SocialFragility,Factual,0.45498584751801163
53176,Economic,Cynical,0.34668694641205633
53154,Economic,Cynical,0.3505704281633507
53324,SocialFragility,Factual,0.674599888541658
53166,SocialFragility,Cynical,0.3709153146521219
53167,SocialFragility,Alarmist,0.6713873836717711
53172,SocialFragility,Cynical,0.3374578931386188
53177,Economic,Cynical,0.4409350329374464
53320,SocialFragility,Factual,0.748893427395771
53168,SocialFragility,Alarmist,0.3264998086229092
53175,SocialFragility,Alarmist,0.39595553291616
53178,SocialFragility,Sensationalist,0.6010547307048898
53173,SocialFragility,Alarmist,0.3545290340601106
53519,SocialFragility,Alarmist,0.382538765668869
